{"cameraMode":{"drawMode":0,"name":"Shaded","section":"Shading Mode"},"sceneLighting":true,"audioPlay":false,"sceneViewState":{"m_AlwaysRefresh":false,"showFog":true,"showSkybox":false,"showFlares":true,"showImageEffects":true,"showParticleSystems":true,"showVisualEffectGraphs":true,"m_FxEnabled":true},"in2DMode":false,"pivot":{"x":0.5845629572868347,"y":-0.8880529403686523,"z":3.509134292602539},"rotation":{"x":0.11000431329011917,"y":0.055133696645498279,"z":-0.006111581809818745,"w":0.9923824071884155},"size":2.6940743923187258,"orthographic":false}